Judet,Nume Unitati,Tip,Latitudine,Longitudine
Alba,"Școala Gimnazială ""Avram Iancu"" Alba Iulia, din mun. Alba Iulia, județul Alba",Școală Gimnazială,46.0623309,23.5787772
Alba,"Școala Gimnazială ""Axente Sever"" Aiud, județul Alba",Școală Gimnazială,46.3087347,23.7296554
Alba,"Școală Gimnazială ""Mihai Eminescu"" Alba Iulia, Județul Alba",Școală Gimnazială,46.075334,23.5600589
Alba,"Liceul Tehnologic Sebeș, Județul Alba",Liceu,45.9573864,23.5649436
Arad,"Colegiul ""Csiky Gergely"" Arad, județul Arad",Colegiu,46.1711839,21.3068682
Argeş,"Grădinița cu program prelungit ""Academia Piticilor"" structura nr.2, judeţul Argeş",Grădiniță,45.0722527,24.8142726
Argeș,"Colegiul Tehnic ""Costin D. Nenițescu"" Pitești, localitatea Pitești, județul Argeș",Colegiu,44.8315726,24.9098092
Argeș,"Școala Gimnazială ""Adrian Păunescu"", din mun.Pitești, județul Argeș",Școală Gimnazială,44.8723247,24.8395944
Argeș,"Liceul Tehnologic ""Regele Mihai I"" Curtea de Argeș, din localitatea Curtea de Argeș, județul Argeș",Liceu Tehnologic,45.153452,24.6760829
Argeș,"Grădinița cu program prelungit ""Campionii"", Mioveni, Argeș",Grădiniță,44.8927436,24.8224607
Argeș,"Școala Gimnazială Nr.1 Vulturești, Argeș",Școală Gimnazială,45.0717448,25.0832134
Argeș,"Școala Gimnazială Nr. 1 Poienarii de Muscel, Argeș",Școală Gimnazială,45.2337584,25.0807909
Bacău,"Școala Gimnazială ""Mihail Sadoveanu"", județul Bacău",Școală Gimnazială,46.5818124,26.9057653
Bacău,"Centrul Școlar de Educație Incluzivă Nr. 1 Bacău, localitatea Bacău, județul Bacău",Centrul Școlar de Educație Incluzivă,46.5338083,26.9159272
Bacău,"Școala Gimnazială George Bacovia, Bacău",Școală Gimnazială,46.5508207,26.9103858
Bacău,"Școala ""Domnița Maria"", județul Bacău",Școală,46.5436032,26.9144571
Bacău,"Şcoala Gimnazială ""Nicolae Iorga"" Bacău",Școală Gimnazială,46.538779,26.919882
Bacău,"Școala Nr. 10 Bacău, județul Bacău",Școală,46.5504404,26.9149881
Bacău,"Centrul Județean de Resurse și Asistență Educațională Bacău, județul Bacău",Centrul Județean de Resurse și Asistență Educațională,46.5681191,26.9050289
Bacău,"Colegiul Național ""Grigore Moisil"" Onești, județul Bacău",Colegiu Național,46.2480237,26.7615017
Bacău,"Școala Gimnazială ""Nicolae Bălcescu"", Comuna ""Nicolae Bălcescu"", județul Bacău",Școală Gimnazială,46.4828024,26.9166809
Bacău,"Școala Gimnazială ""Mihai Eminescu"", oraș Buhuși, județul Bacău",Școală Gimnazială,46.661943,26.7734302
Bacău,"Liceul Tehnologic Târgu Ocna, din localitatea Târgu Ocna, județul Bacău",Liceu Tehnologic,46.278989,26.6038603
Bacău,"Școala Gimnazială Horgești, Horgești"" Județul Bacău",Școală Gimnazială,46.4369288,27.0698744
Bihor,"Colegiul Național ""Octavian Goga"" din localitatea Marghita, județul Bihor",Colegiu Național,47.3479194,22.3397566
Bihor,"Școala Gimnazială ""Dimitrie Cantemir"" Oradea, județul Bihor",Școală Gimnazială,47.0404202,21.9403762
Bihor,"Liceul Teoretic Nr.1 Bratca, Bratca, Județul Bihor",Liceu Teoretic,46.9270638,22.6012973
Bihor,"Școală Gimnazială ""Oltea Doamna"", Județul Bihor",Școală Gimnazială,47.0573076,21.9369044
Bihor,"Centrul Școlar de Educație Incluzivă nr.1 din localitatea Oradea, județul Bihor",Centrul Școlar de Educație Incluzivă,47.0640602,21.9286473
Botoșani,"Școala Gimnazială Nr. 10 Botoșani, din mun.Botoșani, județul Botoșani",Școală Gimnazială,47.7373371,26.6657254
Botoșani,"Școala Gimnazială Nr.1 Copălău, din localitatea Copălău, județul Botoșani",Școală Gimnazială,47.6171756,26.8503982
Botoșani,"Școala Gimnazială ""Leon Dănăilă"" Darabani, din localitatea Darabani, județul Botoșani",Școală Gimnazială,48.188609,26.5892803
Botoşani,"Școala Gimnazială ""Spiru-Haret"", localitatea Dorohoi, județul Botoşani",Școală Gimnazială,47.9513291,26.3920195
Botoșani,"Colegiul Național ""Mihai Eminescu"", Botoșani, județul Botoșani",Colegiu Național,47.7433574,26.6489086
Botoșani,"Liceul Tehnologic Bucecea, localitatea Bucecea, județul Botoșani",Liceu Tehnologic,47.7722407,26.4371493
Botoșani,"Școala Profesională Specială ""Sf.Stelian"", din mun. Botoșani, județul Botoșani",Școală Profesională Specială,47.7343891,26.6618406
Brașov,"Școala Gimnazială Crizbav, GPN structura Cutuș, județul Brașov",Școală Gimnazială,45.8146715,25.4645464
Brașov,"Colegiul Național de Informatică ""Grigore Moisil"" Brașov, județul Brașov",Colegiu Național de Informatică,45.6444625,25.625122
Brașov,"Școala Gimnazială Prejmer, din localitatea Prejmer, județul Brașov",Școală Gimnazială,45.7218993,25.7725833
Brașov,"Școala Gimnazială Nr. 3 Codlea, județul Brașov",Școală Gimnazială,45.6379231,25.4172413
Brașov,"Școala Gimnazială nr 3 Râșnov, din localitatea Râșnov, județul Brașov",Școală Gimnazială,45.5868945,25.456046
Brăila,"Școala Gimnazială ""Nikos Kazantzakis"", mun. Brăila, județul Brăila",Școală Gimnazială,45.2699951,27.9777589
Brăila,"Școala Gimnazială ""Ion Creanga"", din mun. Brăila, județul Brăila",Școală Gimnazială,45.2680091,27.9697499
Brăila,"Școala Gimnazială ""Ion Băncilă"", localitatea Brăila, județul Brăila",Școală Gimnazială,45.2664265,27.9604358
București,"Colegiul Național ""Gheorghe Șincai"" București, București",Colegiu Național,44.4143627,26.1050408
București,"Colegiul Național ""Mihai Viteazul"" București, București",Colegiu Național,44.4394141,26.1251258
București,"Școala Gimnazială nr 168, Sector 6, București",Școală Gimnazială,44.4513693,26.057677
București,"Grădinița Nr.111, București, Sector 6",Grădiniță,44.4231593,26.0464349
București,"Liceul Tehnologic ""Sfântul Antim Ivireanu"", București, Sector 6",Liceu Tehnologic,44.424346,26.0289612
București,"Grădinița ""Spiridușii"", București, Sectorul 6",Grădiniță,44.4166763,26.0325411
București,"Școala Gimnazială Nr. 112, din mun. București, Sectorul 3",Școală Gimnazială,44.4138463,26.1664878
București,"Școala Gimnazială nr. 79, mun. București, Sector 4",Școală Gimnazială,44.4229771,26.1062992
București,"Liceul Teoretic Hyperion, sector 3, București",Liceu Teoretic,44.4283735,26.1375975
București,"Școala Primară Conil, București",Școală Primară,44.4107366,26.0281494
București,"Colegiul Național Gheorghe Șincai, București",Colegiu Național,44.4142473,26.1036877
București,"Școala Gimnazială ""Cezar Bolliac"", București",Școală Gimnazială,44.4289803,26.1376437
București,"Școala Gimnazială nr 86, București",Școală Gimnazială,44.4231915,26.1478977
București,"Școala Gimnazială ""Ion Heliade Rădulescu"" București",Școală Gimnazială,44.4552333,26.0836501
București,"Școala ""Gimnazială General Eremia Grigorescu"", București",Școală Gimnazială,44.3807159,26.13715
București,"Liceul Teoretic ""Benjamin Franklin"", sector 5, municipiul București",Liceu Teoretic,44.4295661,26.1524015
București,"Școala Gimnazială Nr. 195, Sector 3, București",Școală Gimnazială,44.4212797,26.1611248
Buzău,"Școala Gimnazială ""înv. Clemența Beșchea"" Căpățânești, localitatea Mărăcineni, județul Buzău",Școală Gimnazială,45.1857205,26.8009964
Buzău,"Școala Gimnazială ""Gheorghe Vernescu"", municipiul Râmnicu Sarat, județul Buzău",Școală Gimnazială,45.3725097,27.0504909
Buzău,"Școala Gimnazială Nr.7, județul Buzău",Școală Gimnazială,45.1487617,26.8390216
Caraş-Severin,"Colegiul Național ""Mircea Eliade"", Reșița",Colegiu Național,45.3223157,21.8841732
Călăraşi,"Liceul Teoretic ""Mihai Eminescu"" Călarași, județul Călarași",Liceu Teoretic,44.202313,27.3169589
Călăraşi,"Școala Gimnazială ""Mircea Vodă"", Călărași, județul Călarași",Școală Gimnazială,44.20209,27.3079243
Cluj,"Școala Gimnazială ""Iuliu Hațieganu"",Cluj-Napoca, județul Cluj",Școală Gimnazială,46.7570087,23.5511161
Cluj,"Grădinița cu Program Prelungit ""Lumea Copiilor"" Cluj-Napoca, județul Cluj",Grădinița cu Program Prelungit,46.7780508,23.6162601
Cluj,"Colegiul Național Pedagogic ""Gheorghe Lazăr"" Cluj-Napoca",Colegiu Național Pedagogic,46.7709082,23.6276387
Constanţa,"Şcoala Gimnazială nr.8 Constanţa, judeţul Constanţa",Şcoală Gimnazială,44.1716112,28.6164176
Constanța,"Grădinița cu Program Prelungit nr. 33 Constanța, județul Constanța",Grădinița cu Program Prelungit,44.1882682,28.6285026
Constanța,"Școala Gimnazială nr.16 ""Marin Ionescu Dobrogianu"" Constanța, județul Constanța",Școală Gimnazială,43.8218813,28.5801269
Constanța,"Grădinița cu Program Prelungit ""Steluțele Mării"", Constanța, județul Constanța",Grădinița cu Program Prelungit,44.1742272,28.6238912
Constanța,"Liceul Teoretic ""Ioan Cotovu"", Constanța, județul Constanța",Liceu Teoretic,44.6871127,27.9525597
Constanța,"Școala Gimnazială ""Adrian V. Rădulescu"" Murfatlar- G.P.N. Nr. 2, județul Constanța",Școală Gimnazială,44.1784025,28.4069454
Constanța,"C.J.R.A.E. Constanța, județul Constanța",C.J.R.A.E.,44.1995205,28.6465217
Constanța,"Școala Gimnazială Pantelimon, din localitatea Pantelimon, județul Constanța",Școală Gimnazială,44.4503436,26.2278065
Constanța,"Grădinița cu Program Prelungit nr. 1 Valu lui Traian, din localitatea Valu lui Traian, județul Constanța",Grădinița cu Program Prelungit,44.1648605,28.480182
Constanța,"Liceul Tehnologic ""Gheorghe Duca"" Constanța, județul Constanța",Liceu Tehnologic,44.1667912,28.5807897
Constanța,"Școala Gimnazială Nr 23 ""Constantin Brancoveanu"" Constanța, județul Constanța",Școală Gimnazială,44.180933,28.6176332
Constanța,"Școala Gimnazială Nr.22"" ""I.C.Brătianu"", Constanța, județul Constanța",Școală Gimnazială,44.1721926,28.6292326
Constanța,"Liceul Tehnologic ""Axiopolis"" Cernavodă, Județul Constanța",Liceu Tehnologic,44.333671,28.0376127
Constanța,"Grădiniță cu program normal ""Năsturel"" Constanța",Grădiniță cu program normal,44.1759147,28.6519359
Constanța,"Centrul Școlar pentru Educație Incluzivă ""Delfinul"" Constanța, județul Constanța",Centrul Școlar pentru Educație Incluzivă,44.189209,28.63731
Constanța,"Liceul Teoretic ""Decebal"" Constanța Grădinița ""Flipper"" - structură, Constanța",Liceu Teoretic,44.2109876,28.6273456
Constanța,"Şcoala Gimnazială nr 24 ""Ion Jalea"" Constanța, județul Constanța",Şcoală Gimnazială,44.1310739,28.604751
Dâmbovița,"Școala Gimnazială Pătroaia-Vale din localitatea Crângurile, județul Dâmbovița",Școală Gimnazială,44.7247195,25.2251243
Dâmbovița,"Școala Gimnazială ""Matei Gr Vladeanu"" Cândești Vale, din localitatea Cândești, județul Dâmbovița",Școală Gimnazială,45.0870036,25.2143617
Dâmbovița,"Școala Gimnazială Nr. 4 ""Elena Donici Cantacuzino"", județul Dâmbovița",Școală Gimnazială,45.0724827,25.436194
Dâmbovița,"Școala Gimnazială ""Mihai Viteazul"" Pucioasa, județul Dâmbovița",Școală Gimnazială,45.078324,25.4313862
Dimbovita,"Școala Gimnazială ""Matei Basarab"" Târgoviște, din localitatea Târgoviște, județul Dâmbovița",Școală Gimnazială,44.9301408,25.4420148
Dolj,"Grădinița cu program prelungit ""Curcubeul Copilăriei"" Craiova, județul Dolj",Grădinița cu program prelungit,44.3318106,23.7941122
Dolj,"Liceul ""Voltaire"" Craiova, județul Dolj",Liceu,44.3071867,23.8226512
Dolj,"Școala Gimnazială ""Nicolae Romanescu"", municipiul Craiova, județul Dolj",Școală Gimnazială,44.3044073,23.8140437
Dolj,"Grădinița cu Program Prelungit""Floare Albastră "" Craiova, județul Dolj",Grădinița cu Program Prelungit,44.3022179,23.7923566
Dolj,"Şcoala Gimnazială Vârtop, județul Dolj",Şcoală Gimnazială,44.2092785,23.3454514
Dolj,"Școala Gimnazială Breasta, Dolj",Școală Gimnazială,44.3418935,23.6901747
Dolj,"Școala Gimnazială ""Lascăr Catargiu"", Craiova, Județul Dolj",Școală Gimnazială,44.3068645,23.7829297
Galați,"Școala Gimnazială Româno-Britanică,Galați, județul Galați",Școală Gimnazială,45.409913,28.015708
Galați,"Colegiul Național ""Vasile Alecsandri"", Galați, județul Galați",Colegiu Național,45.4407762,28.0517332
Galați,"Școala Profesională Specială ""Emil Gârleanu"", Galați, județul Galați",Școală Profesională Specială,45.4440612,28.0511436
Galați,"Școala Gimnazială nr 2 Barcea, din localitatea Barcea, județul Galați",Școală Gimnazială,45.7530125,27.4690679
Galați,"Școala Gimnazială Nr. 28 Galați, județul Galați",Școală Gimnazială,45.4288125,28.0493125
Galați,"Școala Gimnazială ""Negoiță Dănăilă"" sat Bucești, Galați",Școală Gimnazială,45.6617863,27.5245768
Galați,"Școala Gimnazială Specială ""Constantin Pufan"" Galați, județul Galați",Școală Gimnazială Specială,45.4493558,28.0246281
Galați,"Școala Gimnazială ""Sfantul Nicolae"", Județul Galați",Școală Gimnazială,45.4347383,28.0226658
Galați,"Școala Gimnazială Nr. 2 Liești, județul Galați",Școală Gimnazială,45.6326589,27.5345231
Galați,"Școala Gimnazială nr 29 Galați, județul Galați",Școală Gimnazială,45.4150702,28.0163473
Giurgiu,"Școala Gimnazială nr.2 Cartojani, Cartojani, județul Giurgiu",Școală Gimnazială,44.432022,25.4909035
Giurgiu,"Liceul Tehnologic ""Dimitrie Bolintineanu"", localitatea Bolintin-Vale, județul Giurgiu",Liceu Tehnologic,44.4462392,25.7566684
Gorj,"Grădinița cu Program Prelungit Nr. 8 Târgu-Jiu, județul Gorj",Grădinița cu Program Prelungit,45.026527,23.275459
Gorj,"Centrul Școlar pentru Educație Incluzivă Tg-Jiu, județul Gorj",Centrul Școlar pentru Educație Incluzivă,45.0670372,23.2910644
Gorj,"Grădinița cu Program Prelungit ""Vis de Copil"", Tg-Jiu, județul Gorj",Grădinița cu Program Prelungit,45.0363696,23.2718095
Gorj,"Școala Gimnazială ""Antonie Mogoș"", Ceauru, județul Gorj",Școală Gimnazială,45.0124012,23.2025983
Gorj,"Școala Gimnazială Nr. 1 Polovragi, județul Gorj",Școală Gimnazială,45.1743,23.813283
Gorj,"Liceul de Arte "" Constantin Brăiloiu"" din localitatea Tg-Jiu, județul Gorj",Liceu de Arte,45.043927,23.278454
Gorj,"Școala Gimnazială Țânțăreni din localitatea Țânțăreni, județul Gorj",Școală Gimnazială,44.59486,23.4919296
Gorj,"Școala Gimnazială Capu Dealului din localitatea Brănești, județul Gorj",Școală Gimnazială,44.648186,23.4599274
Gorj,"Școala Gimnazială Nr.1 Rovinari, din localitatea Rovinari, județul Gorj",Școală Gimnazială,44.8948915,23.1618706
Gorj,"Liceul Mătasari, din localitatea Mătasari, județul Gorj",Liceu,44.8448521,23.0906882
Gorj,"Școala Gimnazială Nr. 3 Rovinari, județul Gorj",Școală Gimnazială,44.8981992,23.164578
Gorj,"Şcoala Gimnazială Nr.1 Bumbești -Jiu, Gorj",Şcoală Gimnazială,45.1784321,23.3823992
Gorj,"Colegiul Mihai Viteazul Bumbești -Jiu, Gorj",Colegiu,45.1756566,23.38386
Gorj,Gradinița Nr. 1 Albeni; Gorj,Grădiniță,45.0269456,23.6020925
Gorj,"Grădinița Nr. 2 Albeni , Gorj",Grădiniță,44.7042686,23.0919095
Gorj,"Colegiul Național ""Spiru Haret"" Târgu Jiu, Gorj",Colegiu Național,45.0278806,23.278474
Gorj,"Școala Gimnazială Căpreni, Gorj",Școală Gimnazială,44.7448359,23.6255595
Gorj,"Școala Gimnazială Săcelu, Gorj",Școală Gimnazială,45.0977315,23.5403491
Gorj,"Școala Gimnazială ""Gheorghe Tatarescu"", Târgu Jiu, Gorj",Școală Gimnazială,45.0286121,23.2719612
Gorj,"Școala Gimnazială ""Aurel Teodorescu"" Stejari, Gorj",Școală Gimnazială,45.1562695,23.2581734
Gorj,"Colegiul Național ""George Coșbuc"" Motru, Gorj",Colegiu Național,44.8057385,22.966584
Gorj,Școala Gimnazială Scoarța,Școală Gimnazială,45.0207403,23.4665469
Gorj,"Școala Gimnazială ""Antonie Mogoș"" Bălești, Gorj",Școală Gimnazială,45.0124012,23.2025983
Gorj,"Școala Gimnazială Godinești, Gorj",Școală Gimnazială,45.069766,22.9649877
Gorj,"Școala Gimnazială nr 2, Motru, Gorj",Școală Gimnazială,44.8027376,22.9728558
Gorj,"Școala Gimnazială Padeș, Gorj",Școală Gimnazială,45.0199913,22.8575431
Gorj,"Grădinița cu Program Prelungit ""Mihai Eminescu"", Targu Jiu, Județul Gorj",Grădinița cu Program Prelungit,45.0264508,23.2788618
Gorj,"Gradinita cu Program Prelungit:""Lumea Copiilor'', Targu Jiu, Județul Gorj",Gradinita cu Program Prelungit,45.0341839,23.2746076
Gorj,"Școala Gimnazială Alexandru Ștefulescu, Tg- Jiu, Județul Gorj",Școală Gimnazială,45.0383672,23.2757756
Gorj,"Grădinița Program Prelungit Nr. 1, Tg.Jiu, Județul Gorj",Grădinița Program Prelungit,45.0286121,23.2719612
Gorj,"Liceul Tehnologic Bâlteni, Județul Gorj",Liceu Tehnologic,44.8646644,23.2790984
Gorj,"Școala Gimnazială Nr. 1 Andreești, Comuna Vladimir, Județul Gorj",Școală Gimnazială,44.7825813,23.5394011
Gorj,"Colegiul Economic ""Virgil Madgearu"" Târgu Jiu, Județul Gorj",Colegiul Economic,45.0385935,23.2861783
Gorj,"Liceul Tehnologic Nr.2 Târgu Jiu, Județul Gorj",Liceu Tehnologic,45.031479,23.2689105
Gorj,"Liceul Tehnologic Roșia de Amaradia, Școala Gimnazială Ruget, Județul Gorj",Liceu Tehnologic,45.0166658,23.7642216
Gorj,"Școala Gimnazială Nr.1 Motru, Județul Gorj",Școală Gimnazială,44.8035496,22.9712918
Gorj,"Grădinița cu Program Prelungit Nr. 8, Târgu-Jiu, Județul Gorj",Grădinița cu Program Prelungit,45.026527,23.275459
Gorj,"Liceul Auto Traian Vuia, Târgu-Jiu, Județul Gorj",Liceu Auto,45.0657369,23.2936388
Gorj,"Scoala Gimnazială Sănești, Târgu-Jiu, Județul Gorj",Scoala Gimnazială,45.0474829,23.274941
Gorj,"Grădinița cu program prelungit nr.8 Structura Scufița Roșie, Târgu-Jiu, Județul Gorj",Grădinița cu program prelungit,45.026527,23.275459
Gorj,"Colegiul Național ""Ecaterina Teodoroiu"", Târgu-Jiu, Județul Gorj",Colegiu Național,45.0281545,23.2710831
Gorj,"Liceul Teologic Târgu Jiu, Gorj",Liceu Teologic,45.0310209,23.2783754
Gorj,"Grădinița Prikin'Dell Tg-Jiu, Gorj",Grădiniță,45.0361109,23.2556377
Gorj,"Școala Gimnazială Alimpești, județul Gorj",Școală Gimnazială,45.0891471,23.8021994
Gorj,"Școala Gimnazială Ionești, județul Gorj",Școală Gimnazială,44.9485595,23.2427079
Gorj,"Școala Gimnazială Novaci, județul Gorj",Școală Gimnazială,45.1782926,23.672086
Gorj,"Școala Gimnazială nr.1 Telești, localitatea Telești, județul Gorj",Școală Gimnazială,44.9864753,23.0931087
Hunedoara,"Liceul Tehnologic ""Retezat"" Uricani, județul Hunedoara",Liceu Tehnologic,45.340086,23.1533879
Iași,"Grădinița ""AngelKids"" din localitatea Iași, județul Iași",Grădiniță,47.1674241,27.5760845
Iaşi,"Şcoala Gimnazială ""Mihai Codreanu"" Iași, din localitatea Iași, județul Iași",Şcoală Gimnazială,47.1666718,27.5882313
Iași,"Școala Gimnazială ""Ion Neculce"" Iași, județul Iași",Școală Gimnazială,47.1527331,27.5771424
Iași,"Centrul Județean de Resurse și Asistență Educațională Iași, județul Iași",Centrul Județean de Resurse și Asistență Educațională,47.1649151,27.5867552
Iași,"Colegiul Tehnic ""Ion Holban"", județul Iași",Colegiul Tehnic,47.1485515,27.5761483
Iași,"Liceul Teoretic ""Alexandru Ioan Cuza"" Iași, județul Iași",Liceu Teoretic,47.1618609,27.6106488
Iași,"Colegiul Național de Artă ""Octav Băncilă"" Iași, județul Iași",Colegiu Național de Artă,47.165023,27.58542
Iași,"Școala Gimnazială ""Iordache Cantacuzino"" Pașcani, din localitatea Pașcani, județul Iași",Școală Gimnazială,47.2458122,26.7262673
Iași,"Școala Gimnazială ""D.D.Pătrășcanu"", Tomești, Județul Iași",Școală Gimnazială,47.135613,27.6920495
Iași,"Colegiul Economic Administrativ Iași, Județul Iași",Colegiul Economic Administrativ,47.1669924,27.5887311
Iași,"Școala Gimnazială ""Ion Ghica"" Iași, Județul Iași",Școală Gimnazială,47.1512159,27.5978076
Iași,"Liceul Teoretic ""Miron Costin"" Iași, Județul Iași",Liceu Teoretic,47.255837,26.721498
Iași,"Școala Gimnazială ""Carmen Sylva"" Iași, Județul Iași",Școală Gimnazială,47.180491,27.5019399
Iași,"Colegiul Național ""Emil Racoviță"" Iași, județul Iași",Colegiu Național,47.1487694,27.5870503
Iași,"Școala Gimnazială nr. 1 Comarna, județul Iași",Școală Gimnazială,47.0678683,27.7766346
Ilfov,"Centrul Școlar pentru Educație Incluzivă Periș, localitatea Periș, județul Ilfov",Centrul Școlar pentru Educație Incluzivă,44.673679,25.9905729
Ilfov,"Liceul Teoretic Nr. 1 Periș, localitatea Periș, județul Ilfov",Liceu Teoretic,44.6741992,25.9919556
Ilfov,"Școala Gimnazială Nr. 2, Crețești, localitatea Vidra, județul Ilfov",Școală Gimnazială,44.2792408,26.1340107
Ilfov,"Școala Gimnazială ""Petru Rareș"" din localitatea Chiajna, județul Ilfov",Școală Gimnazială,44.4502786,25.9857401
Ilfov,"Grădinița ""Rița-Gărgărița"", localitatea Brănești, județul Ilfov",Grădiniță,44.456526,26.3362248
Ilfov,"Școala Gimnazială Nr. 1, localitatea Bragadiru județul Ilfov",Școală Gimnazială,44.37817,26.00608
Ilfov,"Palatul Copiilor Și Elevilor Ilfov, județul Ilfov",Palatul Copiilor Și Elevilor,44.5602355,25.9449386
Ilfov,"Liceul cu program sportiv prelungit ""Helmut Duckadam"", Clinceni, județul Ilfov",Liceu cu program sportiv prelungit,44.3783044,25.9418086
Maramureș,"Liceul Tehnologic Ocna Șugatag, Ocna Șugatag, județul Maramureș",Liceu Tehnologic,47.7809322,23.9377118
Maramureș,"Școala Gimnazială Remetea Chioarului, din localitatea Remetea Chioarului, județul Maramureș",Școală Gimnazială,47.5292473,23.5438645
Maramureș,"Școala Profesională nr.1 Vișeu de Sus, Județul Maramureș",Școală Profesională,47.7114508,24.4295382
Maramureș,"Liceul Tehnologic Agricol ""Alexiu Berinde"", Seini, Județul Maramureș",Liceu Tehnologic Agricol,47.7468555,23.2764124
Mureș,"Palatul Copiilor Târgu Mureș - structura Sighișoara, județul Mureș",Palatul Copiilor,46.5392086,24.5691492
Mureș,"Liceul Tehnologic ""Ion Vlasiu"" Târgu Mureș, Județul Mureș",Liceu Tehnologic,46.5583241,24.5784532
Mureș,"Grădinița cu program prelungit ""Emanuel"", județul Mureș",Grădinița cu program prelungit,46.7717104,24.7010334
Neamț,"Seminarul Teologic Ortodox"" Veniamin Costachi"" Mănăstirea Neamț , județul Neamț",Seminarul Teologic Ortodox,47.2612621,26.2149239
Neamț,"Școala Gimnazială Nr. 8 Piatra Neamț, din mun. Piatra Neamț, județul Neamț",Școală Gimnazială,46.9409299,26.3815535
Neamț,"Școala Profesională, Comuna Valea Ursului din județul Neamț",Școală Profesională,46.7995364,27.0784798
Neamț,"Liceul ""Vasile Conta"" Târgu Neamț, Neamț",Liceu,47.2042781,26.3620924
Neamț,"Clubul Copiilor Târgu Neamț, Neamț",Clubul Copiilor,47.2082535,26.3683444
Neamț,"Școala Gimnazială ""I. Gervescu"" Săvinești, județul Neamț",Școală Gimnazială,46.85813,26.4684345
Neamț,"Școala Gimnazială Comuna Grumăzești, Comuna Grumăzești, județul Neamț",Școală Gimnazială,47.1398434,26.3782893
Neamț,"Școala Gimnazială nr.3 Piatra Neamț, județul Neamț",Școală Gimnazială,46.8872236,26.4162366
Neamț,"Școala de Artă""Sergiu Celibidache"" Roman, localitatea Roman, județul Neamț",Școala de Artă,46.9233196,26.9408599
Olt,"Centrul Școlar pentru Educație Incluzivă Balș, localitatea Balș județul Olt",Centrul Școlar pentru Educație Incluzivă,44.3504248,24.1023946
Olt,"Școala Gimnazială ""Ștefan Protopopescu"" Slatina, județul Olt",Școală Gimnazială,44.4264779,24.3657526
Olt,"Liceul Teoretic ""Nicolae Titulescu"", din mun. Slatina, județul Olt",Liceu Teoretic,44.4265284,24.369572
Olt,"Liceul Teoretic ""Mihai Viteazul"", Caracal Județul Olt",Liceu Teoretic,44.1152065,24.3455428
Olt,"Școala Gimnazială Vulturești, din localitatea Vulturești, județul Olt",Școală Gimnazială,44.7203127,24.3134015
Prahova,"Școală Gimnazială, Comuna Bătrâni, Județul Prahova",Școală Gimnazială,45.3145802,26.1472137
Salaj,"Școala Gimnazială Nr 1 IP, IP, județul Sălaj",Școală Gimnazială,47.2281705,22.60632
Salaj,"Grădinița "" Prichindel"" Jibou, Judetul Salaj",Grădiniță,47.2599029,23.2587938
Saru Mare,"Liceul Tehnologic de Industrie Alimentara ""George Emil Palade"" Satu Mare, Județul Satu Mare",Liceu Tehnologic de Industrie Alimentara,47.788006,22.857783
Satu Mare,"Școala Gimnazială Sauca, localitatea Sauca, județul Satu Mare",Școală Gimnazială,47.467341,22.4916729
Satu Mare,"Liceul Tehnologic ""Simion Bărnuțiu"", localitatea Carei, județul Satu Mare",Liceu Tehnologic,47.6846037,22.4607559
Satu Mare,"Școala Gimnazială Botiz, localitate Botiz, județul Satu Mare",Școală Gimnazială,47.900496,22.9485103
Satu Mare,"Liceul Tehnologic ""Iuliu Maniu"" Carei, localitatea Carei, județul Satu Mare",Liceu Tehnologic,47.6886314,22.4670605
Satu Mare,"Școala Gimnazială "" Vasile Lucaciu"" Carei, localitatea Carei, județul Satu Mare",Școală Gimnazială,47.6859421,22.4707559
Satu Mare,"Școala Gimnazială ""Mihai Viteazul""Moftinu Mic, din localitatea Moftinu Mic, județul Satu Mare",Școală Gimnazială,47.6861326,22.5999837
Satu Mare,"Liceul Tehnologic ""Unio-Traian Vuia"" Satu Mare, județul Satu Mare",Liceu Tehnologic,47.7752814,22.8813535
Satu Mare,"Școala Gimnazială Tășnad, din localitatea Tășnad, județul Satu Mare",Școală Gimnazială,47.4744758,22.5859165
Satu Mare,"Liceul Tehnologic de Industrie Alimentară ""George Emil Palade"" Satu Mare, Județul Satu Mare",Liceu Tehnologic de Industrie Alimentară,47.788006,22.857783
Satu Mare,"Liceul cu program sportiv Satu Mare, Județul Satu Mare",Liceu cu program sportiv,47.7960884,22.8885166
Satu Mare,"Școala Gimnazială ""Grigore Moisil"", județul Satu Mare",Școală Gimnazială,47.7949156,22.8784259
Sibiu,Școala Gimnazială Poplaca județul Sibiu,Școală Gimnazială,45.7280541,24.050205
Sibiu,"Liceul Tehnologic ""Avram Iancu"", localitatea Sibiu, județul Sibiu",Liceu Tehnologic,45.7910619,24.1519139
Sibiu,"Colegiul Economic ""George Barițiu"" Sibiu, localitatea Sibiu"", județul Sibiu",Colegiu Economic,45.7841143,24.1503914
Sibiu,"Colegiul Naţional ""Octavian Goga"" Sibiu",Colegiu Naţional,45.7935506,24.1458825
Sibiu,"Liceul Tehnologic de Industrie Alimentară ""Terezianum"", Sibiu",Liceu Tehnologic de Industrie Alimentară,45.8065259,24.14977
Sibiu,"Liceul Teoretic ""Onisifor Ghibu"" Sibiu",Liceu Teoretic,45.7899679,24.1351508
Sibiu,"Liceul Teoretic Constantin Noica Sibiu, Județul Sibiu",Liceu Teoretic,45.7773289,24.1542112
Sibiu,"Școala Gimnazială ""Radu Selejan"" Sibiu, Județul Sibiu",Școală Gimnazială,45.7834008,24.167234
Sibiu,"Școala Gimnazială Alma-Structura Șmig, Sibiu",Școală Gimnazială,46.2260117,24.4441069
Sibiu,"Școala Gimnazială ""Ion Luca Caragiale"" Sibiu",Școală Gimnazială,45.7766134,24.1415077
Sibiu,Şcoala Gimnazială Nr.25 Sibiu,Şcoală Gimnazială,45.7689187,24.1276181
Sibiu,"Şcoala Gimnazială Blăjel, Sibiu",Şcoală Gimnazială,46.2058516,24.3224312
Sibiu,"Școala Gimnazială Nr.21, Sibiu",Școală Gimnazială,45.7806458,24.1588699
Sibiu,"Școala Gimnazială Șeica Mare, Sibiu",Școală Gimnazială,46.0239949,24.1582483
Sibiu,"Colegiul Național Pedagogic ""Andrei Șaguna"" Sibiu",Colegiu Național Pedagogic,45.7820798,24.1540857
Sibiu,"Școala Gimnazială nr.10 Sibiu, județul Sibiu",Școală Gimnazială,45.7895633,24.1183376
Suceava,"Colegiul Tehnic ""Samuil Isopescu"" - C.J.R.A. E., Suceava, județul Suceava",Colegiu Tehnic,47.6388968,26.2603124
Suceava,"Clubul Sportiv Şcolar Rădăuţi, localitatea Rădăuţi, județul Suceava",Clubul Sportiv Şcolar,47.8413129,25.9256751
Suceava,"Grădinița cu Program Normal ""Țăndărică"" Suceava, județul Suceava",Grădinița cu Program Normal,47.6379813,26.2338051
Suceava,"Colegiul Tehnic ""Samuil Isopescu"", județul Suceava",Colegiu Tehnic,47.6388968,26.2603124
Teleorman,"Colegiul Național ""Unirea"", din localitatea Turnu Măgurele, județul Teleorman",Colegiu Național,43.7441888,24.8680633
Teleorman,"Școala Gimnazială Lisa, localitatea Lisa, județul Teleorman",Școală Gimnazială,43.7930133,25.1451652
Teleorman,"Școala Gimnazială Bogdana, județul Teleorman",Școală Gimnazială,43.9214924,25.0921803
Timiș,"Liceul Teologic Romano-Catolic ""Gerhardinum"", județul Timiș",Liceu Teologic Romano-Catolic,45.7529174,21.2219155
Timiș,"Liceul Teoretic Recaș, din localitatea Recaș, județul Timiș",Liceu Teoretic,45.8011245,21.5127677
Timiș,"Școala Gimnazială Anghel Saligny Banloc și Școala Gimnazială Livezile, din localitatea Banloc județul Timiș",Școală Gimnazială,45.3898896,21.1392785
Timiș,"Liceul Teoretic Buziaș, Județul Timiș",Liceu Teoretic,45.6473823,21.6050621
Timiș,"Colegiul Național Pedagogic ""Carmen Sylva"" Timișoara, județul Timiș",Colegiu Național Pedagogic,45.7540748,21.2358498
Tulcea,"Seminarul Teologic Ortodox Sf. ""loan Casian"" Tulcea, structura Grădinița cu Program Prelungit nr. 12 Tulcea, județul Tulcea",Seminarul Teologic Ortodox,45.1776773,28.7871502
Tulcea,"Școala Gimnazială Dorobanțu, județul Tulcea",Școală Gimnazială,44.9593381,28.2852791
Vâlcea,"Colegiul Economic Râmnicu Vâlcea, din mun. Râmnicu Vâlcea, județul Vâlcea",Colegiu Economic,45.095206,24.3608234
Vâlcea,"Liceul ""Preda Buzescu"" Berbești, județul Vâlcea",Liceu,44.9749737,23.8622905
Vâlcea,"Școala Gimnazială nr.13/G.P.P.Ostroveni 3, localitatea Râmnicu Vâlcea, județul Vâlcea",Școală Gimnazială,45.0948983,24.3756188
Vaslui,"Școala Gimnazială Nr.1 / G.P.N. Sat Lunca Banului, județul Vaslui",Școală Gimnazială,46.5973081,28.1673685
Vaslui,"Școala Gimnazială ""Elena Cuza"" Vaslui, Vaslui, județul Vaslui",Școală Gimnazială,46.6357918,27.7273404
Vaslui,"Centrul Școlar de Educație Incluzivă din localitatea Negrești, județul Vaslui",Centrul Școlar de Educație Incluzivă,46.8368943,27.4594818
Vaslui,"Școala Gimnazială ""Gheorghe Cioata"" Sat Todiresti, Județul Vaslui",Școală Gimnazială,46.8412411,27.3835359
Vaslui,"Școala Gimnazială "" Ion Murgeanu "" Zorleni"", județul Vaslui",Școală Gimnazială,46.2635888,27.7195845
Vrancea,"Grădinița cu Program normal Lizuca, stuctură a Liceului Tehnologic ""Eremia Grigorescu"", Mărăștești, localitatea Mărășești, județul Vrancea",Grădinița cu Program normal,45.5449818,27.4978405
Vrancea,"Școala Gimnazială Bălești, Comuna Bălești, județul Vrancea",Școală Gimnazială,45.4413965,27.236982
